{"cameraMode":{"drawMode":0,"name":"Shaded","section":"Shading Mode"},"sceneLighting":true,"audioPlay":false,"sceneViewState":{"m_AlwaysRefresh":false,"showFog":true,"showSkybox":true,"showFlares":true,"showImageEffects":true,"showParticleSystems":true,"showVisualEffectGraphs":true,"m_FxEnabled":true},"in2DMode":false,"pivot":{"x":841.7261962890625,"y":478.53143310546877,"z":-14.222900390625},"rotation":{"x":0.010168575681746006,"y":0.06504780054092407,"z":0.0006629637791775167,"w":-0.9978307485580444},"size":440.0964050292969,"orthographic":false}